{
    "0": {
        "precision": 0.9794865178686621,
        "recall": 0.8484577559231113,
        "f1-score": 0.9092760045511707,
        "support": 8948.0
    },
    "1": {
        "precision": 0.27447833065810595,
        "recall": 0.7633928571428571,
        "f1-score": 0.4037780401416765,
        "support": 672.0
    },
    "accuracy": 0.8425155925155925,
    "macro avg": {
        "precision": 0.626982424263384,
        "recall": 0.8059253065329842,
        "f1-score": 0.6565270223464237,
        "support": 9620.0
    },
    "weighted avg": {
        "precision": 0.9302385447080079,
        "recall": 0.8425155925155925,
        "f1-score": 0.8739647122348317,
        "support": 9620.0
    }
}