{
    "0": {
        "precision": 0.9821977459016393,
        "recall": 0.8578299776286353,
        "f1-score": 0.9158108430857416,
        "support": 8940.0
    },
    "1": {
        "precision": 0.2981778023191607,
        "recall": 0.7952871870397643,
        "f1-score": 0.43373493975903615,
        "support": 679.0
    },
    "accuracy": 0.8534151159164154,
    "macro avg": {
        "precision": 0.6401877741104001,
        "recall": 0.8265585823341999,
        "f1-score": 0.6747728914223888,
        "support": 9619.0
    },
    "weighted avg": {
        "precision": 0.9339131485742141,
        "recall": 0.8534151159164154,
        "f1-score": 0.8817813661797397,
        "support": 9619.0
    }
}