{
    "0": {
        "precision": 0.9825396825396825,
        "recall": 0.8991061452513966,
        "f1-score": 0.938973162193699,
        "support": 8950.0
    },
    "1": {
        "precision": 0.3685314685314685,
        "recall": 0.7865671641791044,
        "f1-score": 0.5019047619047619,
        "support": 670.0
    },
    "accuracy": 0.8912681912681912,
    "macro avg": {
        "precision": 0.6755355755355755,
        "recall": 0.8428366547152506,
        "f1-score": 0.7204389620492304,
        "support": 9620.0
    },
    "weighted avg": {
        "precision": 0.9397761166991936,
        "recall": 0.8912681912681912,
        "f1-score": 0.9085328474126607,
        "support": 9620.0
    }
}