{
    "0": {
        "precision": 0.9837368094351334,
        "recall": 0.8833890746934225,
        "f1-score": 0.9308663729809105,
        "support": 8970.0
    },
    "1": {
        "precision": 0.3312020460358056,
        "recall": 0.7981510015408321,
        "f1-score": 0.46814279258924535,
        "support": 649.0
    },
    "accuracy": 0.877638008108951,
    "macro avg": {
        "precision": 0.6574694277354696,
        "recall": 0.8407700381171272,
        "f1-score": 0.6995045827850779,
        "support": 9619.0
    },
    "weighted avg": {
        "precision": 0.9397098771712636,
        "recall": 0.877638008108951,
        "f1-score": 0.8996461210135343,
        "support": 9619.0
    }
}