{
    "0": {
        "precision": 0.9869811807166795,
        "recall": 0.8562961306195482,
        "f1-score": 0.9170059880239521,
        "support": 8942.0
    },
    "1": {
        "precision": 0.3098818474758324,
        "recall": 0.8510324483775811,
        "f1-score": 0.45433070866141734,
        "support": 678.0
    },
    "accuracy": 0.855925155925156,
    "macro avg": {
        "precision": 0.648431514096256,
        "recall": 0.8536642894985647,
        "f1-score": 0.6856683483426846,
        "support": 9620.0
    },
    "weighted avg": {
        "precision": 0.9392604584778755,
        "recall": 0.855925155925156,
        "f1-score": 0.8843974808090042,
        "support": 9620.0
    }
}