{
    "0": {
        "precision": 0.9747899159663865,
        "recall": 0.8683798882681564,
        "f1-score": 0.9185132659693908,
        "support": 8950.0
    },
    "1": {
        "precision": 0.2847601700060716,
        "recall": 0.7,
        "f1-score": 0.40483383685800606,
        "support": 670.0
    },
    "accuracy": 0.8566528066528066,
    "macro avg": {
        "precision": 0.6297750429862291,
        "recall": 0.7841899441340782,
        "f1-score": 0.6616735514136984,
        "support": 9620.0
    },
    "weighted avg": {
        "precision": 0.9267317112061567,
        "recall": 0.8566528066528066,
        "f1-score": 0.8827372558337744,
        "support": 9620.0
    }
}