{
    "model_info": {
        "model_path": "models/weather_prediction_20250416_211302/best_model.h5",
        "input_shape": [
            7215,
            24,
            18
        ],
        "num_classes": 2
    },
    "metrics": {
        "accuracy": 0.9866943866943867,
        "balanced_accuracy": 0.9900850938566603,
        "f1": 0.9122486288848263,
        "precision": 0.8429054054054054,
        "recall": 0.9940239043824701,
        "mcc": 0.9087060937160247,
        "kappa": 0.9051027546561495,
        "roc_auc": 0.9972923737791274,
        "average_precision": 0.9613473951409072,
        "confidence_intervals": {
            "accuracy": {
                "lower": 0.9840505251932473,
                "upper": 0.9893382481955261
            },
            "precision": {
                "lower": 0.8345088730919794,
                "upper": 0.8513019377188313
            },
            "recall": {
                "lower": 0.992245473028882,
                "upper": 0.9958023357360583
            },
            "f1": {
                "lower": 0.9057201276818923,
                "upper": 0.9187771300877603
            }
        }
    },
    "classification_report": {
        "0": {
            "precision": 0.9995470330665861,
            "recall": 0.9861462833308506,
            "f1-score": 0.9928014397120576,
            "support": 6713.0
        },
        "1": {
            "precision": 0.8429054054054054,
            "recall": 0.9940239043824701,
            "f1-score": 0.9122486288848263,
            "support": 502.0
        },
        "accuracy": 0.9866943866943867,
        "macro avg": {
            "precision": 0.9212262192359957,
            "recall": 0.9900850938566603,
            "f1-score": 0.9525250342984419,
            "support": 7215.0
        },
        "weighted avg": {
            "precision": 0.9886483363117818,
            "recall": 0.9866943866943867,
            "f1-score": 0.9871967950779245,
            "support": 7215.0
        }
    },
    "confusion_matrix": [
        [
            6620,
            93
        ],
        [
            3,
            499
        ]
    ],
    "timestamp": "2025-04-16 21:59:18"
}